{
    "key": "group_5687eb94f3b4a",
    "title": "Background Images",
    "fields": [
        {
            "key": "field_5774da5c2ddef",
            "label": "Round Images?",
            "name": "bg_round",
            "type": "true_false",
            "instructions": "",
            "required": 0,
            "conditional_logic": 0,
            "wrapper": {
                "width": "",
                "class": "",
                "id": ""
            },
            "message": "",
            "default_value": 0
        },
        {
            "key": "field_569d3fd90e806",
            "label": "4 Column Images",
            "name": "bg_column_images",
            "type": "repeater",
            "instructions": "",
            "required": 0,
            "conditional_logic": 0,
            "wrapper": {
                "width": "",
                "class": "",
                "id": ""
            },
            "collapsed": "",
            "min": "",
            "max": "",
            "layout": "block",
            "button_label": "Add Images",
            "sub_fields": [
                {
                    "key": "field_5774d73817717",
                    "label": "Round Images?",
                    "name": "bg_round",
                    "type": "true_false",
                    "instructions": "",
                    "required": "",
                    "conditional_logic": "",
                    "wrapper": {
                        "width": "",
                        "class": "",
                        "id": ""
                    },
                    "message": "",
                    "default_value": 0
                },
                {
                    "key": "field_569d40410e807",
                    "label": "Column",
                    "name": "bg_column",
                    "type": "repeater",
                    "instructions": "",
                    "required": 0,
                    "conditional_logic": 0,
                    "wrapper": {
                        "width": "",
                        "class": "",
                        "id": ""
                    },
                    "collapsed": "",
                    "min": "",
                    "max": "",
                    "layout": "table",
                    "button_label": "Add Image",
                    "sub_fields": [
                        {
                            "key": "field_569d40520e808",
                            "label": "Image",
                            "name": "bg_column_image",
                            "type": "image",
                            "instructions": "",
                            "required": 0,
                            "conditional_logic": 0,
                            "wrapper": {
                                "width": "",
                                "class": "",
                                "id": ""
                            },
                            "preview_size": "thumbnail",
                            "min_width": "",
                            "min_height": "",
                            "min_size": "",
                            "max_width": "",
                            "max_height": "",
                            "max_size": "",
                            "mime_types": "",
                            "return_format": "array",
                            "library": "all"
                        },
                        {
                            "key": "field_56b4b79d7fb00",
                            "label": "Artist \/ Designer Name",
                            "name": "bg_column_name",
                            "type": "relationship",
                            "instructions": "",
                            "required": 0,
                            "conditional_logic": 0,
                            "wrapper": {
                                "width": "",
                                "class": "",
                                "id": ""
                            },
                            "post_type": [
                                "index"
                            ],
                            "taxonomy": [],
                            "filters": [
                                "search"
                            ],
                            "elements": "",
                            "min": "",
                            "max": 1,
                            "return_format": "id"
                        }
                    ]
                }
            ]
        }
    ],
    "location": [
        [
            {
                "param": "post",
                "operator": "==",
                "value": "157"
            }
        ]
    ],
    "menu_order": 0,
    "position": "normal",
    "style": "default",
    "label_placement": "top",
    "instruction_placement": "label",
    "hide_on_screen": [
        "permalink",
        "the_content",
        "excerpt",
        "custom_fields",
        "discussion",
        "comments",
        "revisions",
        "slug",
        "author",
        "format",
        "page_attributes",
        "featured_image",
        "categories",
        "tags",
        "send-trackbacks"
    ],
    "active": 1,
    "description": "",
    "modified": 1467275900
}