{
    "key": "group_56a8bf52c7564",
    "title": "Shows",
    "fields": [
        {
            "key": "field_56a8bf5db33e6",
            "label": "Date Start",
            "name": "show_start",
            "type": "date_picker",
            "instructions": "",
            "required": 0,
            "conditional_logic": 0,
            "wrapper": {
                "width": "",
                "class": "",
                "id": ""
            },
            "display_format": "d\/m\/Y",
            "return_format": "d\/m\/Y",
            "first_day": 1
        },
        {
            "key": "field_56a8bf7cb33e7",
            "label": "Date End",
            "name": "show_end",
            "type": "date_picker",
            "instructions": "",
            "required": 0,
            "conditional_logic": 0,
            "wrapper": {
                "width": "",
                "class": "",
                "id": ""
            },
            "display_format": "d\/m\/Y",
            "return_format": "d\/m\/Y",
            "first_day": 1
        },
        {
            "key": "field_56a8bf8ab33e8",
            "label": "Handwritten Image",
            "name": "show_title",
            "type": "image",
            "instructions": "Handwritten image advertising the show.",
            "required": 0,
            "conditional_logic": 0,
            "wrapper": {
                "width": "",
                "class": "",
                "id": ""
            },
            "return_format": "array",
            "preview_size": "thumbnail",
            "library": "all",
            "min_width": "",
            "min_height": "",
            "min_size": "",
            "max_width": "",
            "max_height": "",
            "max_size": "",
            "mime_types": ""
        },
        {
            "key": "field_56a8cf247785d",
            "label": "Show Text",
            "name": "show_text",
            "type": "wysiwyg",
            "instructions": "",
            "required": 0,
            "conditional_logic": 0,
            "wrapper": {
                "width": "",
                "class": "",
                "id": ""
            },
            "default_value": "",
            "tabs": "all",
            "toolbar": "full",
            "media_upload": 1
        },
        {
            "key": "field_5767c79c9ea3a",
            "label": "Main Image",
            "name": "show_main_image",
            "type": "image",
            "instructions": "",
            "required": 0,
            "conditional_logic": 0,
            "wrapper": {
                "width": "",
                "class": "",
                "id": ""
            },
            "return_format": "array",
            "preview_size": "thumbnail",
            "library": "all",
            "min_width": "",
            "min_height": "",
            "min_size": "",
            "max_width": "",
            "max_height": "",
            "max_size": "",
            "mime_types": ""
        },
        {
            "key": "field_56a8bfb9b33e9",
            "label": "Artists Involved",
            "name": "show_artists",
            "type": "relationship",
            "instructions": "Choose any artists from the show that appear in the index here.",
            "required": 0,
            "conditional_logic": 0,
            "wrapper": {
                "width": "",
                "class": "",
                "id": ""
            },
            "post_type": [
                "index"
            ],
            "taxonomy": [],
            "filters": [
                "search"
            ],
            "elements": "",
            "min": "",
            "max": "",
            "return_format": "object"
        },
        {
            "key": "field_570d71e78c07a",
            "label": "Artists Involved (Other)",
            "name": "show_artists_other",
            "type": "repeater",
            "instructions": "Choose any artists from the show that do not appear on the index here, with the option to add an external link (which opens in new window).",
            "required": 0,
            "conditional_logic": 0,
            "wrapper": {
                "width": "",
                "class": "",
                "id": ""
            },
            "collapsed": "",
            "min": "",
            "max": "",
            "layout": "table",
            "button_label": "Add Name",
            "sub_fields": [
                {
                    "key": "field_570d72178c07b",
                    "label": "Artist Name",
                    "name": "show_artist_name",
                    "type": "text",
                    "instructions": "",
                    "required": 0,
                    "conditional_logic": 0,
                    "wrapper": {
                        "width": "",
                        "class": "",
                        "id": ""
                    },
                    "default_value": "",
                    "placeholder": "",
                    "prepend": "",
                    "append": "",
                    "maxlength": "",
                    "readonly": 0,
                    "disabled": 0
                },
                {
                    "key": "field_570d72268c07c",
                    "label": "Artist Link",
                    "name": "show_artist_link",
                    "type": "text",
                    "instructions": "Link must begin with http:\/\/ or https:\/\/",
                    "required": 0,
                    "conditional_logic": 0,
                    "wrapper": {
                        "width": "",
                        "class": "",
                        "id": ""
                    },
                    "default_value": "",
                    "placeholder": "",
                    "prepend": "",
                    "append": "",
                    "maxlength": "",
                    "readonly": 0,
                    "disabled": 0
                }
            ]
        },
        {
            "key": "field_56a8c07ab33ec",
            "label": "Image(s) of the event",
            "name": "show_images",
            "type": "repeater",
            "instructions": "",
            "required": 0,
            "conditional_logic": 0,
            "wrapper": {
                "width": "",
                "class": "",
                "id": ""
            },
            "collapsed": "",
            "min": "",
            "max": "",
            "layout": "table",
            "button_label": "Add Image",
            "sub_fields": [
                {
                    "key": "field_56a8c096b33ed",
                    "label": "Show Image",
                    "name": "show_image",
                    "type": "image",
                    "instructions": "",
                    "required": 0,
                    "conditional_logic": 0,
                    "wrapper": {
                        "width": "",
                        "class": "",
                        "id": ""
                    },
                    "return_format": "array",
                    "preview_size": "thumbnail",
                    "library": "all",
                    "min_width": "",
                    "min_height": "",
                    "min_size": "",
                    "max_width": "",
                    "max_height": "",
                    "max_size": "",
                    "mime_types": ""
                }
            ]
        }
    ],
    "location": [
        [
            {
                "param": "post_type",
                "operator": "==",
                "value": "show"
            }
        ]
    ],
    "menu_order": 0,
    "position": "normal",
    "style": "default",
    "label_placement": "top",
    "instruction_placement": "label",
    "hide_on_screen": [
        "the_content",
        "excerpt",
        "custom_fields",
        "discussion",
        "comments",
        "revisions",
        "slug",
        "author",
        "format",
        "page_attributes",
        "featured_image",
        "categories",
        "tags",
        "send-trackbacks"
    ],
    "active": 1,
    "description": "",
    "modified": 1466419116
}